year,per,pbr
2015,5.12329223592136,2.0934414480281656
2016,10.683556405353729,2.7098943821562727
2017,5.07530020566576,3.2939062413500646
2018,2.7184902269153,1.8803913793061857
2019,31.974176010873258,2.858639182893906
2020,17.045454545454547,3.3251380204542658
2021,9.364500679105012,3.0686229819512736
2022,23.133867982726713,1.7260415073699125
2024,6.052485034108312,3.4260838216307086
2026,7.35,20.48
2027,7.35,19.93
